{"A": [82493.30472946167, 117429.89993095398, 99184.93223190308, 115412.33205795288, 117994.05241012573, 79485.83889007568, 99656.7451953888, 117419.10982131958, 78232.96213150024, 118136.39330863953, 116782.22012519836, 97528.81240844727, 118415.33923149109, 98313.10153007507, 117697.7732181549, 116913.19561004639, 117832.69834518433, 117774.32346343994, 116181.4489364624, 97662.1356010437, 118459.54751968384, 130508.43667984009, 105227.67806053162, 96795.2868938446, 117881.91103935242, 117370.21565437317, 97027.09126472473, 117081.85338973999, 119212.09478378296, 97795.96543312073], "B": [102125.643491745, 120478.95574569702, 117521.90947532654, 110684.2155456543, 123994.82035636902, 109471.15421295166, 108450.24943351746, 106399.93190765381, 119282.47261047363, 113130.33843040466, 127116.32442474365, 115912.97745704651, 103084.81407165527, 139816.19572639465, 137850.90017318726, 96937.48140335083, 137326.5130519867, 97729.4704914093, 116693.60685348511, 117091.45879745483, 133589.85233306885, 117575.19507408142, 115502.6228427887, 116319.96893882751, 131968.58954429626, 117985.07499694824, 116796.0913181305, 117229.6690940857, 132410.88604927063, 117388.56601715088], "C": [140702.83126831055, 155820.4243183136, 140436.38134002686, 142584.78569984436, 141881.62398338318, 162608.66689682007, 143350.0337600708, 139848.7994670868, 141207.0894241333, 158078.35006713867, 141285.4678630829, 140281.54969215393, 141521.3873386383, 160351.84407234192, 141724.8456478119, 140995.58281898499, 161430.22203445435, 143500.7815361023, 139727.2891998291, 140956.36987686157, 166206.5975666046, 140778.5942554474, 141840.10195732117, 140393.28742027283, 167831.60305023193, 141195.44410705566, 141600.94499588013, 165085.53910255432, 143472.14126586914, 163264.24384117126]}