{"A": [87344.4275856018, 84028.19156646729, 105826.87950134277, 83257.84802436829, 45477.42199897766, 65918.85495185852, 80470.98875045776, 96865.20266532898, 62945.319175720215, 83750.42343139648, 100311.32531166077], "B": [104998.43192100525, 85625.46229362488, 86491.70446395874, 87412.12797164917, 91659.62028503418, 121659.44218635559, 121531.17609024048, 125039.01052474976], "C": [90556.30397796631, 108989.64190483093, 123491.1892414093, 106509.06538963318, 104847.29766845703, 105550.65870285034, 122216.21489524841, 122356.10175132751, 122312.06750869751, 122218.9462184906, 142265.76852798462]}